slot,name,path,dimensions,category
1,IMG_9131.jpg,D:\照片\IMG_9131.jpg,4032x2268,非藏服照
2,IMG_9132.jpg,D:\照片\IMG_9132.jpg,1212x1616,非藏服照
3,IMG_9133.jpg,D:\照片\IMG_9133.jpg,1168x1558,非藏服照
4,IMG_9134.jpg,D:\照片\IMG_9134.jpg,4032x3024,非藏服照
5,IMG_9135.jpg,D:\照片\IMG_9135.jpg,1170x2532,非藏服照
6,IMG_9136.jpg,D:\照片\IMG_9136.jpg,1170x2532,非藏服照
7,IMG_9137.jpg,D:\照片\IMG_9137.jpg,1170x2532,非藏服照
8,IMG_9138.jpg,D:\照片\IMG_9138.jpg,4032x3024,非藏服照
9,IMG_9139.jpg,D:\照片\IMG_9139.jpg,4032x3024,非藏服照
10,IMG_9140.jpg,D:\照片\IMG_9140.jpg,4032x3024,非藏服照
11,IMG_9141.jpg,D:\照片\IMG_9141.jpg,1170x2532,非藏服照
12,IMG_9142.jpg,D:\照片\IMG_9142.jpg,3024x4032,非藏服照
13,IMG_9143.jpg,D:\照片\IMG_9143.jpg,4032x2268,非藏服照
14,IMG_9144.jpg,D:\照片\IMG_9144.jpg,4032x2268,非藏服照
15,IMG_9145.jpg,D:\照片\IMG_9145.jpg,4032x2268,非藏服照
16,IMG_9146.jpg,D:\照片\IMG_9146.jpg,3024x4032,藏服照
17,IMG_9147.jpg,D:\照片\IMG_9147.jpg,3024x4032,藏服照
18,IMG_9148.jpg,D:\照片\IMG_9148.jpg,3024x4032,藏服照
19,IMG_9149.jpg,D:\照片\IMG_9149.jpg,3024x4032,藏服照
20,IMG_9150.jpg,D:\照片\IMG_9150.jpg,3024x4032,藏服照
21,IMG_9151.jpg,D:\照片\IMG_9151.jpg,3024x4032,藏服照
22,IMG_9152.jpg,D:\照片\IMG_9152.jpg,3024x4032,藏服照
23,IMG_9153.jpg,D:\照片\IMG_9153.jpg,3024x4032,藏服照
24,IMG_9154.jpg,D:\照片\IMG_9154.jpg,3024x4032,藏服照
25,IMG_9155.jpg,D:\照片\IMG_9155.jpg,3024x4032,藏服照
26,IMG_9156.jpg,D:\照片\IMG_9156.jpg,3024x4032,藏服照
27,IMG_9157.jpg,D:\照片\IMG_9157.jpg,3024x4032,藏服照
28,IMG_9158.jpg,D:\照片\IMG_9158.jpg,3024x4032,藏服照
29,IMG_9159.jpg,D:\照片\IMG_9159.jpg,3024x4032,藏服照
30,IMG_9160.jpg,D:\照片\IMG_9160.jpg,3024x4032,藏服照
31,IMG_9161.jpg,D:\照片\IMG_9161.jpg,3024x4032,藏服照
32,IMG_9162.jpg,D:\照片\IMG_9162.jpg,3024x4032,藏服照
33,IMG_9163.jpg,D:\照片\IMG_9163.jpg,3024x4032,藏服照
34,IMG_9164.jpg,D:\照片\IMG_9164.jpg,3024x4032,藏服照
35,IMG_9165.jpg,D:\照片\IMG_9165.jpg,3024x4032,藏服照
36,IMG_9166.jpg,D:\照片\IMG_9166.jpg,3024x4032,藏服照
37,IMG_9167.jpg,D:\照片\IMG_9167.jpg,3024x4032,藏服照
38,IMG_9168.jpg,D:\照片\IMG_9168.jpg,3024x4032,藏服照
39,IMG_9169.jpg,D:\照片\IMG_9169.jpg,3024x4032,藏服照
40,IMG_9170.jpg,D:\照片\IMG_9170.jpg,3024x4032,藏服照
41,IMG_9171.jpg,D:\照片\IMG_9171.jpg,3024x4032,藏服照
42,IMG_9172.jpg,D:\照片\IMG_9172.jpg,3024x4032,藏服照
43,IMG_9173.jpg,D:\照片\IMG_9173.jpg,3024x4032,非藏服照
44,IMG_9174.jpg,D:\照片\IMG_9174.jpg,3024x4032,藏服照
45,IMG_9175.jpg,D:\照片\IMG_9175.jpg,3024x4032,藏服照
46,IMG_9176.jpg,D:\照片\IMG_9176.jpg,3024x4032,藏服照
47,IMG_9177.jpg,D:\照片\IMG_9177.jpg,4032x3024,非藏服照
48,IMG_9178.jpg,D:\照片\IMG_9178.jpg,3024x4032,非藏服照
49,IMG_9179.jpg,D:\照片\IMG_9179.jpg,4032x2268,非藏服照
